Rk,School,Total Games,Total Wins,Total Losses,Total W-L%,SOS,Conference W,Conference L,Team Points,Opp. Points,FGM,FGA,FG%,3P,3PA,3P%,FT,FTA,FT%,ORB,TRB,AST,STL,BLK,Turnovers,PF
1,Abilene Christian,31,13,18,0.419,-7.53,8,10,2209,2272,771,1704,0.452,209,570,0.367,458,653,0.701,269,991,422,233,78,418,681
2,Air Force,32,14,18,0.438,0.66,5,13,2189,2330,752,1758,0.428,202,596,0.339,483,707,0.683,283,1107,420,196,58,423,617
3,Akron,35,26,9,0.743,-1.24,13,5,2682,2381,911,2111,0.432,409,1069,0.383,451,659,0.684,373,1310,507,190,137,381,618
4,Alabama A&M,29,11,18,0.379,-10.75,6,12,1974,2042,681,1632,0.417,175,599,0.292,439,642,0.684,330,1000,366,163,61,340,561
5,Alabama-Birmingham,33,26,7,0.788,-3.07,16,2,2606,2323,942,1970,0.478,250,671,0.373,472,654,0.722,366,1259,607,213,201,414,579
6,Alabama State,31,14,17,0.452,-9.35,9,9,2217,2308,788,1918,0.411,215,647,0.332,426,623,0.684,389,1153,372,181,107,371,646
7,Alabama,33,18,15,0.545,8.62,8,10,2193,2242,738,1750,0.422,259,763,0.339,458,712,0.643,327,1141,347,192,175,438,631
8,Albany (NY),33,24,9,0.727,-7.57,13,3,2495,2180,848,1850,0.458,188,587,0.32,611,814,0.751,387,1276,410,216,52,413,581
9,Alcorn State,30,15,15,0.5,-9.94,13,5,2014,2164,691,1692,0.408,174,566,0.307,458,676,0.678,384,1072,272,134,111,429,548
10,American,31,12,19,0.387,-6.08,9,9,1785,2036,631,1487,0.424,195,572,0.341,328,471,0.696,218,874,348,176,69,428,566
11,Appalachian State,31,9,22,0.29,-1.1,7,13,2187,2398,719,1795,0.401,256,720,0.356,493,701,0.703,393,1142,357,127,103,462,666
12,Arizona State,32,15,17,0.469,8.96,5,13,2345,2367,796,1919,0.415,254,757,0.336,499,726,0.687,394,1177,405,170,86,384,649
13,Arizona NCAA,34,25,9,0.735,7.23,12,6,2735,2342,946,1970,0.48,221,580,0.381,622,863,0.721,394,1368,485,164,161,442,621
14,Little Rock NCAA,35,30,5,0.857,-1.76,17,3,2487,2129,886,1958,0.453,266,693,0.384,449,616,0.729,315,1195,451,230,106,355,640
15,Arkansas-Pine Bluff,33,8,25,0.242,-5.52,6,12,1867,2322,674,1722,0.391,202,666,0.303,317,519,0.611,322,1004,317,235,123,516,723
16,Arkansas State,31,11,20,0.355,-2.37,7,13,2282,2353,770,1873,0.411,180,570,0.316,562,766,0.734,334,1243,381,157,136,398,613
17,Arkansas,32,16,16,0.5,6.76,9,9,2501,2390,883,1992,0.443,216,544,0.397,519,748,0.694,374,1187,518,233,165,357,687
18,Army,33,19,14,0.576,-8.13,9,9,2539,2474,895,2084,0.429,294,877,0.335,455,656,0.694,408,1338,501,163,123,448,628
19,Auburn,31,11,20,0.355,7.54,5,13,2192,2421,724,1820,0.398,272,799,0.34,472,746,0.633,346,1134,352,166,126,428,658
20,Austin Peay NCAA,36,18,18,0.5,-2.98,7,9,2740,2765,945,2049,0.461,223,645,0.346,627,936,0.67,422,1326,479,250,101,502,633
21,Ball State,35,21,14,0.6,-2.98,10,8,2479,2338,855,1919,0.446,305,818,0.373,464,670,0.693,330,1275,512,191,126,465,665
22,Baylor NCAA,34,22,12,0.647,9.76,10,8,2621,2366,933,2003,0.466,210,572,0.367,545,752,0.725,467,1267,603,269,135,432,660
23,Belmont,32,20,12,0.625,-2.1,12,4,2638,2510,914,1849,0.494,338,931,0.363,472,650,0.726,271,1105,544,145,81,450,639
24,Bethune-Cookman,32,14,18,0.438,-9.18,10,6,2258,2330,799,1932,0.414,249,787,0.316,411,597,0.688,407,1186,371,197,191,415,601
25,Binghamton,30,8,22,0.267,-6.35,5,11,1827,2059,629,1614,0.39,171,599,0.285,398,584,0.682,273,1023,333,161,68,419,558
26,Boise State,32,20,12,0.625,3.13,11,7,2480,2246,842,1859,0.453,261,788,0.331,535,755,0.709,315,1110,430,209,64,372,622
27,Boston College,32,7,25,0.219,7.67,0,18,1959,2256,717,1752,0.409,230,708,0.325,295,453,0.651,243,993,410,181,93,431,576
28,Boston University,34,19,15,0.559,-6.37,11,7,2483,2464,859,1893,0.454,272,748,0.364,493,688,0.717,311,1216,456,204,129,468,641
29,Bowling Green State,34,16,18,0.471,-1.85,5,13,2400,2457,849,1913,0.444,203,563,0.361,499,761,0.656,345,1238,398,209,113,430,655
30,Bradley,32,5,27,0.156,3.7,3,15,1793,2238,606,1596,0.38,165,590,0.28,416,628,0.662,276,1083,292,142,87,548,744
31,Brigham Young,37,26,11,0.703,2.36,13,5,3093,2692,1096,2369,0.463,330,863,0.382,571,827,0.69,441,1514,611,256,161,434,690
32,Brown,28,8,20,0.286,-2.82,3,11,2040,2155,697,1625,0.429,225,639,0.352,421,600,0.702,272,1019,414,150,114,376,543
33,Bryant,31,8,23,0.258,-6.71,5,13,2018,2361,755,1798,0.42,198,615,0.322,310,482,0.643,300,1048,415,176,83,420,591
34,Bucknell,31,17,14,0.548,-5.89,14,4,2448,2288,831,1788,0.465,233,639,0.365,553,774,0.714,317,1137,489,204,100,423,657
35,Buffalo NCAA,35,20,15,0.571,0.9,10,8,2709,2634,915,2096,0.437,263,776,0.339,616,867,0.71,425,1363,441,240,124,475,748
36,Butler NCAA,33,22,11,0.667,7.55,10,8,2638,2344,918,1969,0.466,236,601,0.393,566,774,0.731,366,1188,468,227,107,335,646
37,Cal Poly,30,10,20,0.333,0.9,4,12,2171,2255,755,1812,0.417,238,681,0.349,423,626,0.676,351,1095,425,163,96,308,602
38,Cal State Bakersfield NCAA,33,24,9,0.727,-5.15,11,3,2405,2104,875,1939,0.451,179,524,0.342,476,726,0.656,414,1263,516,263,165,405,707
39,Cal State Fullerton,30,10,20,0.333,-0.76,3,13,2104,2227,698,1703,0.41,193,582,0.332,515,743,0.693,335,1116,304,147,48,393,610
40,Cal State Northridge,30,10,20,0.333,-0.85,5,11,2143,2261,745,1723,0.432,126,425,0.296,527,735,0.717,303,1086,423,203,96,420,604
41,UC-Davis,30,11,19,0.367,-1.26,6,10,1914,1980,697,1608,0.433,164,463,0.354,356,557,0.639,255,1033,342,186,49,427,531
42,UC-Irvine,38,28,10,0.737,0.77,13,3,2706,2512,977,2128,0.459,241,652,0.37,511,752,0.68,370,1416,568,217,198,471,706
43,UC-Riverside,33,14,19,0.424,-3.08,5,11,2299,2300,788,1839,0.428,252,716,0.352,471,670,0.703,328,1164,410,170,101,433,654
44,UC-Santa Barbara,33,19,14,0.576,1.44,11,5,2335,2219,859,1944,0.442,251,697,0.36,366,522,0.701,344,1235,496,195,98,419,647
45,University of California NCAA,34,23,11,0.676,7.87,12,6,2545,2289,890,1931,0.461,236,651,0.363,529,806,0.656,386,1349,430,139,159,419,706
46,Campbell,30,12,18,0.4,-6.67,5,13,2207,2203,744,1671,0.445,224,675,0.332,495,690,0.717,242,967,345,214,72,353,582
47,Canisius,33,14,19,0.424,-3.77,8,12,2526,2587,845,2014,0.42,285,836,0.341,551,744,0.741,393,1116,466,199,88,370,640
48,Central Arkansas,28,7,21,0.25,-6.81,6,12,2110,2344,734,1656,0.443,185,497,0.372,457,694,0.659,331,1044,370,152,104,407,575
49,Central Connecticut State,29,4,25,0.138,-9.24,3,15,1888,2268,682,1704,0.4,164,480,0.342,360,530,0.679,335,1046,341,127,107,402,505
50,Central Florida,30,12,18,0.4,3.01,6,12,2062,2147,715,1663,0.43,207,650,0.318,425,619,0.687,329,1166,379,137,139,440,467
51,Central Michigan,33,17,16,0.515,-1.3,10,8,2495,2401,867,1964,0.441,324,917,0.353,437,608,0.719,325,1152,441,155,90,303,608
52,Charleston Southern,30,9,21,0.3,-2.59,5,13,2146,2253,774,1808,0.428,280,810,0.346,318,512,0.621,308,1053,379,153,63,378,576
53,Charlotte,33,14,19,0.424,-1.72,9,9,2584,2631,920,2066,0.445,266,696,0.382,478,685,0.698,374,1196,481,204,73,396,588
54,Chattanooga NCAA,35,29,6,0.829,-3.46,15,3,2652,2364,897,1963,0.457,262,729,0.359,596,811,0.735,381,1241,504,272,165,437,596
55,Chicago State,32,4,28,0.125,-1.38,0,14,2140,2478,764,1995,0.383,228,750,0.304,384,573,0.67,414,1172,375,246,98,458,697
56,Cincinnati NCAA,33,22,11,0.667,5.25,12,6,2418,2090,851,1980,0.43,252,725,0.348,464,658,0.705,441,1291,508,257,192,363,513
57,Citadel,32,10,22,0.313,-4.75,3,15,2753,2962,938,2242,0.418,363,1121,0.324,514,704,0.73,404,1148,489,281,99,441,770
58,Clemson,31,17,14,0.548,6.87,10,8,2159,1999,753,1725,0.437,238,678,0.351,415,574,0.723,320,1076,411,179,162,315,511
59,Cleveland State,32,9,23,0.281,0.09,4,14,1947,2169,704,1746,0.403,174,537,0.324,365,538,0.678,338,1061,327,196,87,459,670
60,Coastal Carolina,33,21,12,0.636,-4.22,12,6,2410,2196,854,1909,0.447,244,716,0.341,458,689,0.665,377,1299,396,195,113,406,568
61,Colgate,30,13,17,0.433,-6.06,9,9,2093,2145,747,1673,0.447,267,718,0.372,332,488,0.68,280,951,398,184,72,365,583
62,College of Charleston,31,17,14,0.548,0.04,8,10,2028,1921,722,1718,0.42,206,595,0.346,378,567,0.667,335,1090,361,222,75,393,620
63,Colorado State,34,18,16,0.529,1.53,8,10,2700,2626,878,2067,0.425,326,896,0.364,618,861,0.718,441,1359,455,131,77,395,657
64,Colorado NCAA,34,22,12,0.647,7.64,10,8,2576,2407,865,2029,0.426,252,647,0.389,594,808,0.735,446,1434,461,177,167,454,638
65,Columbia,35,25,10,0.714,-2.55,10,4,2670,2399,899,1986,0.453,336,893,0.376,536,745,0.719,366,1240,518,220,121,379,649
66,Connecticut NCAA,36,25,11,0.694,6.28,11,7,2631,2285,944,2078,0.454,255,699,0.365,488,615,0.793,335,1300,489,210,182,385,657
67,Coppin State,31,9,22,0.29,-6.06,6,10,2240,2497,741,1933,0.383,238,715,0.333,520,737,0.706,405,1144,348,174,91,408,666
68,Cornell,28,10,18,0.357,-1.04,3,11,1992,2193,703,1674,0.42,233,682,0.342,353,542,0.651,244,910,302,217,107,372,563
69,Creighton,35,20,15,0.571,6.44,9,9,2787,2533,979,2081,0.47,283,804,0.352,546,780,0.7,334,1299,537,211,108,406,661
70,Dartmouth,28,10,18,0.357,-3.29,4,10,1992,1989,700,1606,0.436,156,458,0.341,436,603,0.723,335,1005,367,192,48,401,569
71,Davidson,33,20,13,0.606,5.14,10,8,2608,2576,894,2022,0.442,317,892,0.355,503,661,0.761,312,1154,497,154,102,335,567
72,Dayton NCAA,33,25,8,0.758,4.76,14,4,2393,2176,836,1836,0.455,221,643,0.344,500,749,0.668,327,1265,480,196,145,427,626
73,Delaware State,32,7,25,0.219,-6.85,5,11,1980,2336,710,1815,0.391,230,698,0.33,330,536,0.616,340,1064,367,173,93,446,635
74,Delaware,30,7,23,0.233,0.85,2,16,1986,2270,669,1663,0.402,168,517,0.325,480,701,0.685,331,1132,319,108,87,360,535
75,Denver,31,16,15,0.516,-3.24,7,9,2021,2024,689,1449,0.476,235,613,0.383,408,530,0.77,168,781,443,198,71,404,593
76,DePaul,31,9,22,0.29,8.34,3,15,2092,2325,752,1691,0.445,168,490,0.343,420,618,0.68,317,1059,366,150,95,458,687
77,Detroit Mercy,31,16,15,0.516,-0.82,9,9,2595,2567,898,1929,0.466,244,651,0.375,555,795,0.698,373,1169,409,213,133,422,706
78,Drake,31,7,24,0.226,0.92,2,16,2093,2230,736,1639,0.449,215,559,0.385,406,562,0.722,253,1043,378,116,65,421,559
79,Drexel,31,6,25,0.194,1.88,3,15,1958,2183,677,1721,0.393,170,517,0.329,434,634,0.685,324,1022,384,141,108,345,676
80,Duke NCAA,36,25,11,0.694,10.59,11,7,2920,2609,983,2136,0.46,328,851,0.385,626,866,0.723,426,1296,478,226,154,354,603
81,Duquesne,34,17,17,0.5,1.35,6,12,2704,2677,950,2056,0.462,322,883,0.365,482,698,0.691,347,1332,531,159,128,473,689
82,East Carolina,32,12,20,0.375,3.22,4,14,2186,2301,761,1790,0.425,232,683,0.34,432,620,0.697,320,1093,486,183,64,424,536
83,East Tennessee State,36,24,12,0.667,-2.29,14,4,2813,2687,984,2135,0.461,295,779,0.379,550,774,0.711,376,1300,447,240,136,462,724
84,Eastern Illinois,30,13,17,0.433,-3.52,9,7,2145,2213,764,1737,0.44,232,664,0.349,385,587,0.656,299,1002,417,177,68,364,583
85,Eastern Kentucky,31,15,16,0.484,-3.86,6,10,2497,2453,864,1760,0.491,258,653,0.395,511,700,0.73,274,1004,495,218,95,457,665
86,Eastern Michigan,33,18,15,0.545,1.24,9,9,2553,2460,875,1961,0.446,187,602,0.311,616,854,0.721,386,1194,379,312,122,425,674
87,Eastern Washington,34,18,16,0.529,-6.03,10,8,2769,2617,961,1989,0.483,356,924,0.385,491,719,0.683,319,1133,449,202,129,381,658
88,Elon,32,16,16,0.5,0.66,7,11,2429,2413,865,1942,0.445,303,885,0.342,396,599,0.661,335,1185,488,176,72,411,607
89,Evansville,34,25,9,0.735,-0.39,12,6,2526,2221,879,1795,0.49,158,448,0.353,610,843,0.724,260,1202,595,178,147,426,601
90,Fairfield,33,19,14,0.576,-3.14,12,8,2522,2545,875,1991,0.439,293,827,0.354,479,650,0.737,298,1146,503,213,135,427,633
91,Fairleigh Dickinson NCAA,33,18,15,0.545,-8.31,11,7,2558,2600,929,2029,0.458,238,657,0.362,462,663,0.697,347,1108,472,250,87,423,720
92,Florida A&M,29,8,21,0.276,-10.67,4,12,1863,2128,644,1606,0.401,168,555,0.303,407,691,0.589,293,1010,319,192,65,466,566
93,Florida Atlantic,33,8,25,0.242,-1.72,5,13,2189,2445,752,1847,0.407,229,678,0.338,456,624,0.731,282,1071,385,175,140,402,631
94,Florida Gulf Coast NCAA,35,21,14,0.6,-3.82,8,6,2703,2473,1008,2106,0.479,186,527,0.353,501,778,0.644,417,1422,483,230,141,438,674
95,Florida International,32,13,19,0.406,-4.81,7,11,2277,2242,834,1779,0.469,181,499,0.363,428,645,0.664,328,1196,391,162,148,414,598
96,Florida State,34,20,14,0.588,8.16,8,10,2652,2516,948,2042,0.464,220,645,0.341,536,771,0.695,389,1257,453,243,139,441,656
97,Florida,36,21,15,0.583,9.19,9,9,2677,2479,930,2186,0.425,258,810,0.319,559,863,0.648,470,1436,480,235,152,405,700
98,Fordham,31,17,14,0.548,-0.09,8,10,2206,2128,782,1744,0.448,243,702,0.346,399,586,0.681,320,1060,488,263,121,438,610
99,Fresno State NCAA,35,25,10,0.714,2.24,13,5,2630,2475,926,2126,0.436,219,638,0.343,559,805,0.694,409,1293,466,295,138,378,764
100,Furman,35,19,16,0.543,-4.2,11,7,2487,2333,847,1865,0.454,253,785,0.322,540,777,0.695,387,1250,424,217,115,471,622
101,Gardner-Webb,33,17,16,0.515,-3.96,10,8,2476,2451,871,2039,0.427,276,807,0.342,458,701,0.653,435,1257,442,265,113,439,666
102,George Mason,32,11,21,0.344,3.62,5,13,2140,2313,766,1888,0.406,172,589,0.292,436,650,0.671,419,1359,328,92,119,407,570
103,George Washington,38,28,10,0.737,4.24,11,7,2875,2602,980,2194,0.447,269,726,0.371,646,858,0.753,453,1442,535,230,125,426,621
104,Georgetown,33,15,18,0.455,8.49,7,11,2430,2370,820,1858,0.441,261,770,0.339,529,704,0.751,316,1181,492,180,146,442,755
105,Georgia Southern,31,14,17,0.452,-3.14,10,10,2353,2307,781,1903,0.41,282,834,0.338,509,728,0.699,374,1131,344,232,73,359,691
106,Georgia State,30,16,14,0.533,-2.19,9,11,1971,1950,705,1597,0.441,149,436,0.342,412,598,0.689,243,925,352,200,91,350,578
107,Georgia Tech,36,21,15,0.583,9.95,8,10,2637,2545,965,2150,0.449,213,597,0.357,492,681,0.722,469,1398,487,158,151,403,643
108,Georgia,34,20,14,0.588,8.47,10,8,2401,2369,799,1892,0.422,220,598,0.368,583,823,0.708,394,1319,424,164,174,448,703
109,Gonzaga NCAA,36,28,8,0.778,4.23,15,3,2840,2360,1011,2081,0.486,281,738,0.381,537,708,0.758,382,1426,501,184,111,418,623
110,Grambling,31,7,24,0.226,-8.48,4,14,1924,2110,658,1606,0.41,152,556,0.273,456,706,0.646,282,1013,298,210,52,442,615
111,Grand Canyon,34,27,7,0.794,-5.6,11,3,2581,2316,896,1978,0.453,210,583,0.36,579,835,0.693,399,1301,504,210,90,407,625
112,Green Bay NCAA,36,23,13,0.639,-0.67,11,7,3013,2880,1048,2350,0.446,255,730,0.349,662,1007,0.657,458,1385,501,358,166,441,724
113,Hampton NCAA,32,21,11,0.656,-8.45,13,3,2363,2370,810,1967,0.412,206,678,0.304,537,815,0.659,447,1322,381,169,117,440,649
114,Hartford,33,10,23,0.303,-5.69,4,12,2336,2588,777,1906,0.408,319,902,0.354,463,619,0.748,229,992,408,221,63,385,702
115,Harvard,30,14,16,0.467,-0.25,6,8,2001,1985,734,1648,0.445,220,569,0.387,313,526,0.595,318,1118,452,150,150,436,538
116,Hawaii NCAA,34,28,6,0.824,-1.04,13,3,2620,2267,893,1946,0.459,237,737,0.322,597,873,0.684,360,1270,525,257,124,443,695
117,High Point,32,21,11,0.656,-4.24,13,5,2473,2258,884,1852,0.477,187,487,0.384,518,680,0.762,337,1074,493,256,94,341,559
118,Hofstra,34,24,10,0.706,0.77,14,4,2681,2509,914,2050,0.446,289,812,0.356,564,818,0.689,402,1327,510,215,108,406,542
119,Holy Cross NCAA,35,15,20,0.429,-6.11,5,13,2267,2445,775,1879,0.412,251,769,0.326,466,678,0.687,279,1052,480,219,86,386,585
120,Houston Baptist,34,17,17,0.5,-5.26,10,8,2604,2582,899,1903,0.472,204,561,0.364,602,839,0.718,351,1248,471,182,134,502,644
121,Houston,32,22,10,0.688,2.17,12,6,2476,2216,897,1926,0.466,215,618,0.348,467,662,0.705,410,1202,412,191,122,333,608
122,Howard,32,12,20,0.375,-8.33,6,10,2311,2433,750,1846,0.406,144,486,0.296,667,914,0.73,403,1218,275,197,102,477,632
123,Idaho State,31,16,15,0.516,-6.69,11,7,2297,2357,769,1767,0.435,250,687,0.364,509,700,0.727,284,1078,380,226,90,409,587
124,Idaho,34,21,13,0.618,-5.88,12,6,2372,2251,800,1812,0.442,223,591,0.377,549,774,0.709,388,1257,428,178,88,506,735
125,Illinois-Chicago,30,5,25,0.167,-0.81,3,15,2019,2348,697,1796,0.388,133,440,0.302,492,795,0.619,406,1235,347,168,162,453,640
126,Illinois State,32,18,14,0.563,2.59,12,6,2149,2114,759,1835,0.414,238,706,0.337,393,588,0.668,344,1141,402,205,115,405,622
127,Illinois,34,15,19,0.441,7.03,5,13,2452,2542,861,1993,0.432,277,764,0.363,453,607,0.746,258,1075,462,199,65,357,585
128,Incarnate Word,29,17,12,0.586,-6.2,12,6,2145,2140,718,1653,0.434,234,622,0.376,475,620,0.766,232,974,428,200,75,368,538
129,Indiana State,32,15,17,0.469,2.2,8,10,2170,2222,715,1822,0.392,210,692,0.303,530,765,0.693,343,1213,340,184,86,423,688
130,Indiana NCAA,35,27,8,0.771,6.9,15,3,2891,2447,1021,2034,0.502,345,831,0.415,504,688,0.733,414,1288,560,239,137,474,647
131,Iona NCAA,33,22,11,0.667,-1.78,16,4,2628,2451,919,2011,0.457,327,884,0.37,463,651,0.711,348,1218,551,248,135,422,642
132,Iowa State NCAA,35,23,12,0.657,10.16,10,8,2862,2625,1087,2159,0.503,293,758,0.387,395,563,0.702,304,1244,577,218,142,398,542
133,Iowa NCAA,33,22,11,0.667,8.71,12,6,2561,2287,906,2027,0.447,269,719,0.374,480,669,0.717,392,1257,523,223,156,339,538
134,Fort Wayne,34,24,10,0.706,-1.66,12,4,2701,2585,932,2017,0.462,354,863,0.41,483,671,0.72,342,1230,512,190,112,417,588
135,IUPUI,32,13,19,0.406,0.11,9,7,2181,2362,785,1858,0.422,183,549,0.333,428,607,0.705,321,1105,355,213,81,426,651
136,Jackson State,36,20,16,0.556,-9.54,12,6,2455,2352,898,2208,0.407,243,781,0.311,416,659,0.631,474,1417,445,279,131,446,771
137,Jacksonville State,31,8,23,0.258,-3.95,4,12,2100,2234,721,1792,0.402,243,709,0.343,415,567,0.732,315,994,377,158,96,331,611
138,Jacksonville,32,16,16,0.5,-6.09,8,6,2444,2431,866,1985,0.436,278,715,0.389,434,640,0.678,339,1218,402,207,85,366,592
139,James Madison,32,21,11,0.656,0.5,11,7,2405,2197,830,1848,0.449,278,775,0.359,467,682,0.685,335,1247,406,139,97,380,612
140,Kansas State,33,17,16,0.515,9.79,5,13,2334,2251,805,1876,0.429,175,583,0.3,549,798,0.688,437,1204,458,249,91,460,659
141,Kansas NCAA,38,33,5,0.868,11.22,15,3,3089,2570,1092,2207,0.495,304,728,0.418,601,843,0.713,402,1443,604,253,158,478,719
142,Kennesaw State,31,11,20,0.355,-1.61,7,7,2239,2399,811,1826,0.444,179,508,0.352,438,625,0.701,322,1039,378,216,99,405,605
143,Kent State,32,19,13,0.594,-1.47,10,8,2361,2317,834,1871,0.446,185,564,0.328,508,744,0.683,405,1204,373,170,106,379,578
144,Kentucky NCAA,36,27,9,0.75,8.84,13,5,2861,2451,1028,2149,0.478,244,666,0.366,561,813,0.69,451,1395,512,206,207,389,735
145,La Salle,31,9,22,0.29,4.65,4,14,1987,2279,690,1707,0.404,259,762,0.34,348,520,0.669,274,957,388,217,92,398,539
146,Lafayette,30,6,24,0.2,-6,3,15,2142,2412,758,1742,0.435,245,671,0.365,381,551,0.691,242,955,416,171,68,391,588
147,Lamar,30,11,19,0.367,-8.77,3,15,2263,2310,771,1819,0.424,197,617,0.319,524,781,0.671,415,1171,425,225,116,439,699
148,Lehigh,32,17,15,0.531,-5.2,13,5,2268,2210,810,1777,0.456,237,604,0.392,411,565,0.727,307,1095,477,214,103,416,548
149,Liberty,32,13,19,0.406,-3.73,10,8,2070,2188,738,1644,0.449,283,774,0.366,311,434,0.717,214,943,419,178,44,442,638
150,Lipscomb,33,12,21,0.364,-3.81,7,7,2590,2689,888,2017,0.44,331,921,0.359,483,695,0.695,335,1202,549,208,98,458,628
151,Long Beach State,35,20,15,0.571,4.57,12,4,2613,2568,896,2077,0.431,287,783,0.367,534,776,0.688,371,1251,532,226,90,430,722
152,Long Island University,31,16,15,0.516,-11.01,9,9,2362,2386,813,1884,0.432,179,602,0.297,557,779,0.715,386,1173,432,238,87,422,652
153,Longwood,33,10,23,0.303,-5.15,5,13,2397,2503,860,1899,0.453,227,650,0.349,450,636,0.708,350,1197,421,205,91,474,624
154,Louisiana,34,19,15,0.559,-1.94,12,8,2706,2476,931,2099,0.444,222,716,0.31,622,891,0.698,485,1410,433,218,123,425,634
155,Louisiana-Monroe,34,20,14,0.588,-1.46,15,5,2471,2360,896,1956,0.458,225,636,0.354,454,647,0.702,370,1233,481,198,113,411,596
156,Louisiana State,33,19,14,0.576,7,11,7,2602,2543,915,1990,0.46,203,620,0.327,569,856,0.665,368,1231,507,263,90,394,609
157,Louisiana Tech,33,23,10,0.697,-4.4,12,6,2624,2395,915,1999,0.458,234,704,0.332,560,842,0.665,358,1257,463,247,142,412,597
158,Louisville,31,23,8,0.742,7.74,12,6,2324,1895,866,1847,0.469,186,536,0.347,406,588,0.69,415,1183,419,222,149,353,597
159,Loyola (IL),32,15,17,0.469,1.11,7,11,2059,2082,722,1700,0.425,196,565,0.347,413,565,0.731,246,977,370,189,90,405,584
160,Loyola Marymount,31,14,17,0.452,0.87,6,12,2208,2319,796,1903,0.418,227,669,0.339,389,536,0.726,349,1047,482,211,90,352,631
161,Loyola (MD),30,9,21,0.3,-5.24,8,10,2090,2260,732,1702,0.43,161,530,0.304,465,653,0.712,334,1054,338,162,102,392,648
162,Maine,30,8,22,0.267,-6.49,4,12,2279,2606,825,1909,0.432,228,673,0.339,401,611,0.656,337,1055,433,249,90,491,638
163,Manhattan,31,13,18,0.419,-3.12,9,11,2133,2268,708,1644,0.431,232,643,0.361,485,655,0.74,242,916,436,238,71,442,672
164,Marist,30,7,23,0.233,-4.52,4,16,2145,2360,723,1713,0.422,248,726,0.342,451,615,0.733,261,975,350,138,81,364,587
165,Marquette,33,20,13,0.606,5.57,8,10,2517,2448,884,1888,0.468,194,572,0.339,555,764,0.726,311,1179,533,258,137,485,620
166,Marshall,33,17,16,0.515,-0.3,12,6,2838,2801,1017,2183,0.466,332,985,0.337,472,681,0.693,341,1230,554,226,103,424,637
167,Maryland-Baltimore County,32,7,25,0.219,-6.87,3,13,2307,2579,788,1788,0.441,216,652,0.331,515,754,0.683,279,1017,393,223,57,398,636
168,Maryland-Eastern Shore,32,10,22,0.313,-6.17,7,9,2178,2399,759,1715,0.443,201,610,0.33,459,648,0.708,337,1100,403,188,72,512,691
169,Maryland NCAA,36,27,9,0.75,8.31,12,6,2725,2400,943,1941,0.486,267,739,0.361,572,745,0.768,319,1288,488,210,194,458,605
170,Massachusetts-Lowell,29,11,18,0.379,-6.17,7,9,2221,2401,800,1705,0.469,240,659,0.364,381,556,0.685,249,947,426,205,71,455,596
171,Massachusetts,32,14,18,0.438,2.96,6,12,2353,2427,817,1903,0.429,234,709,0.33,485,694,0.699,307,1141,443,207,113,409,668
172,McNeese State,29,9,20,0.31,-6.74,7,11,2083,2301,719,1751,0.411,205,617,0.332,440,629,0.7,321,1045,331,171,126,370,583
173,Memphis,34,19,15,0.559,3.58,8,10,2603,2390,877,2124,0.413,206,635,0.324,643,890,0.722,431,1379,510,261,185,407,680
174,Mercer,34,19,15,0.559,-4.55,8,10,2446,2339,871,1958,0.445,210,612,0.343,494,676,0.731,436,1363,509,174,85,431,588
175,Miami (FL) NCAA,35,27,8,0.771,10.69,13,5,2633,2359,907,1895,0.479,241,643,0.375,578,772,0.749,330,1207,438,215,127,383,581
176,Miami (OH),33,13,20,0.394,-0.25,6,12,2089,2249,719,1781,0.404,178,582,0.306,471,646,0.729,326,1068,336,218,72,402,617
177,Michigan State NCAA,35,29,6,0.829,6.94,13,5,2793,2245,1009,2078,0.486,321,739,0.434,454,623,0.729,415,1454,719,156,177,406,671
178,Michigan NCAA,36,23,13,0.639,7.92,10,8,2656,2426,947,2048,0.462,342,901,0.38,420,569,0.738,290,1152,537,203,81,348,558
179,Middle Tennessee NCAA,35,25,10,0.714,-0.7,13,5,2539,2410,909,2025,0.449,279,716,0.39,442,718,0.616,369,1283,455,215,123,419,700
180,Milwaukee,33,20,13,0.606,-2.02,10,8,2618,2391,879,1927,0.456,306,842,0.363,554,718,0.772,320,1195,566,149,86,362,562
181,Minnesota,31,8,23,0.258,6.86,2,16,2108,2294,724,1785,0.406,191,616,0.31,469,662,0.708,310,1067,379,170,112,354,565
182,Mississippi State,31,14,17,0.452,6.02,7,11,2323,2256,850,1862,0.456,225,674,0.334,398,549,0.725,325,1096,431,202,132,393,596
183,Mississippi Valley State,35,8,27,0.229,-8.11,6,12,2293,2704,826,2129,0.388,179,590,0.303,462,667,0.693,380,1245,373,241,82,470,671
184,Mississippi,32,20,12,0.625,4.81,10,8,2405,2306,796,1916,0.415,252,746,0.338,561,791,0.709,424,1230,412,242,100,386,635
185,Missouri-Kansas City,31,12,19,0.387,-2.24,4,10,2152,2240,746,1738,0.429,213,588,0.362,447,663,0.674,356,1084,350,181,98,415,651
186,Missouri State,32,13,19,0.406,2.58,8,10,2153,2321,752,1817,0.414,168,533,0.315,481,713,0.675,333,1135,390,199,130,409,622
187,Missouri,31,10,21,0.323,6.88,3,15,2126,2262,732,1736,0.422,175,565,0.31,487,688,0.708,295,1109,362,169,81,386,636
188,Monmouth,36,28,8,0.778,-1.85,17,3,2861,2604,963,2214,0.435,282,770,0.366,653,850,0.768,388,1397,443,296,128,443,767
189,Montana State,31,14,17,0.452,-5.35,9,9,2369,2411,831,1916,0.434,297,797,0.373,410,598,0.686,394,1159,392,149,62,375,683
190,Montana,33,21,12,0.636,-4.29,14,4,2393,2225,841,1807,0.465,254,680,0.374,457,657,0.696,304,1138,451,173,83,409,712
191,Morehead State,37,23,14,0.622,-1.65,11,5,2722,2553,974,2219,0.439,215,593,0.363,557,801,0.695,541,1380,533,304,83,464,859
192,Morgan State,31,9,22,0.29,-7.97,6,10,2089,2223,734,1854,0.396,161,535,0.301,460,672,0.685,377,1089,349,188,68,368,572
193,Mount St. Mary's,33,14,19,0.424,-7.99,10,8,2218,2282,788,1967,0.401,226,713,0.317,416,601,0.692,318,1022,361,248,119,401,655
194,Murray State,31,17,14,0.548,-3.06,10,6,2212,2093,770,1694,0.455,226,621,0.364,444,613,0.724,308,1018,445,186,66,367,617
195,Navy,33,19,14,0.576,-7.05,9,9,2230,2135,805,1768,0.455,141,469,0.301,479,748,0.64,370,1187,448,188,125,430,648
196,Omaha,32,18,14,0.563,-2.04,10,6,2729,2619,953,2023,0.471,202,599,0.337,621,833,0.745,340,1129,460,297,94,413,657
197,Nebraska,34,16,18,0.471,5.57,6,12,2456,2345,883,1976,0.447,220,634,0.347,470,644,0.73,377,1197,397,250,112,401,656
198,Nevada-Las Vegas,33,18,15,0.545,3.17,8,10,2581,2427,887,2015,0.44,252,760,0.332,555,815,0.681,371,1270,499,266,168,466,700
199,Nevada,38,24,14,0.632,1.79,10,8,2878,2740,973,2293,0.424,202,658,0.307,730,992,0.736,459,1535,478,254,216,495,788
200,New Hampshire,33,20,13,0.606,-7.05,11,5,2342,2297,809,1944,0.416,222,666,0.333,502,693,0.724,376,1296,389,126,59,385,585
201,New Mexico State,34,23,11,0.676,-3.54,13,1,2424,2145,887,1919,0.462,179,537,0.333,471,696,0.677,415,1395,475,141,160,462,535
202,New Mexico,32,17,15,0.531,2.58,10,8,2432,2348,829,1782,0.465,196,540,0.363,578,783,0.738,310,1173,462,180,130,489,657
203,New Orleans,30,10,20,0.333,-8.17,6,12,2249,2325,763,1820,0.419,162,480,0.338,561,816,0.688,422,1138,408,252,77,452,640
204,Niagara,32,7,25,0.219,-3.86,5,15,2067,2304,735,1821,0.404,166,589,0.282,431,620,0.695,384,1168,347,165,103,461,626
205,Nicholls State,34,11,23,0.324,-5.23,6,12,2298,2598,787,1875,0.42,212,694,0.305,512,782,0.655,315,1144,433,229,164,534,686
206,NJIT,35,20,15,0.571,-4.56,8,6,2629,2587,911,2045,0.445,306,865,0.354,501,679,0.738,330,1214,562,226,93,452,672
207,Norfolk State,34,17,17,0.5,-6.73,12,4,2494,2494,813,1919,0.424,242,697,0.347,626,808,0.775,376,1182,411,191,174,423,712
208,North Carolina-Asheville NCAA,34,22,12,0.647,-3.25,12,6,2552,2313,898,1973,0.455,195,603,0.323,561,808,0.694,396,1278,422,312,112,444,587
209,North Carolina A&T,32,10,22,0.313,-8.49,7,9,2169,2433,745,1836,0.406,199,633,0.314,480,675,0.711,357,1148,339,162,77,439,718
210,North Carolina Central,32,13,19,0.406,-10.03,7,9,2220,2235,779,1805,0.432,200,575,0.348,462,697,0.663,395,1178,406,186,54,444,635
211,North Carolina-Greensboro,34,15,19,0.441,-3.23,10,8,2469,2494,890,1997,0.446,296,815,0.363,393,579,0.679,322,1167,440,208,86,407,675
212,North Carolina State,33,16,17,0.485,9.04,5,13,2482,2456,866,1999,0.433,207,595,0.348,543,777,0.699,457,1306,383,149,141,366,558
213,North Carolina-Wilmington NCAA,33,25,8,0.758,0.35,14,4,2620,2379,928,2039,0.455,230,677,0.34,534,760,0.703,397,1237,438,246,143,374,793
214,North Carolina NCAA,40,33,7,0.825,10.69,14,4,3311,2801,1235,2560,0.482,224,685,0.327,617,826,0.747,568,1624,708,269,177,431,718
215,North Dakota State,33,20,13,0.606,-2.99,8,8,2271,2129,817,1837,0.445,214,630,0.34,423,619,0.683,302,1149,347,198,117,348,523
216,North Dakota,33,17,16,0.515,-4.91,10,8,2474,2366,876,1926,0.455,203,565,0.359,519,761,0.682,293,1209,439,257,90,435,694
217,North Florida,34,22,12,0.647,-3.92,10,4,2865,2704,1000,2065,0.484,411,1002,0.41,454,624,0.728,293,1168,559,177,172,383,551
218,North Texas,32,12,20,0.375,-3.23,7,11,2386,2505,830,1838,0.452,187,567,0.33,539,838,0.643,362,1158,362,210,98,443,685
219,Northeastern,33,18,15,0.545,1.35,9,9,2376,2339,793,1808,0.439,286,770,0.371,504,704,0.716,295,1111,485,202,109,409,546
220,Northern Arizona,30,5,25,0.167,-2.83,3,15,2054,2438,699,1749,0.4,220,650,0.338,436,619,0.704,260,1002,372,185,60,389,563
221,Northern Colorado,31,10,21,0.323,-4.01,7,11,2292,2482,780,1726,0.452,203,545,0.372,529,727,0.728,327,1077,320,178,78,427,703
222,Northern Illinois,34,21,13,0.618,-1.2,9,9,2463,2285,842,1970,0.427,238,681,0.349,541,791,0.684,416,1331,472,250,118,430,687
223,Northern Iowa NCAA,36,23,13,0.639,4.44,11,7,2475,2303,849,1864,0.455,298,796,0.374,479,633,0.757,195,1091,429,204,94,357,560
224,Northern Kentucky,30,9,21,0.3,-0.69,5,13,2116,2233,755,1719,0.439,234,656,0.357,372,545,0.683,281,1033,439,142,88,406,615
225,Northwestern State,28,8,20,0.286,-5.66,5,13,2224,2413,770,1688,0.456,207,578,0.358,477,623,0.766,286,919,433,174,90,407,560
226,Northwestern,32,20,12,0.625,4.12,8,10,2304,2111,837,1859,0.45,278,776,0.358,352,528,0.667,342,1167,527,124,121,331,605
227,Notre Dame NCAA,36,24,12,0.667,9.57,11,7,2704,2541,972,2042,0.476,262,700,0.374,498,671,0.742,381,1265,480,197,143,359,544
228,Oakland,35,23,12,0.657,-1.61,13,5,3023,2746,1002,2186,0.458,316,794,0.398,703,913,0.77,399,1373,545,215,116,399,667
229,Ohio State,35,21,14,0.6,7.08,11,7,2462,2381,876,1995,0.439,219,655,0.334,491,718,0.684,379,1333,397,191,183,451,620
230,Ohio,35,23,12,0.657,-1.18,11,7,2746,2617,937,1993,0.47,296,767,0.386,576,759,0.759,288,1251,487,157,128,414,632
231,Oklahoma State,32,12,20,0.375,8.81,3,15,2128,2148,723,1709,0.423,205,625,0.328,477,654,0.729,310,1111,389,179,132,402,636
232,Oklahoma NCAA,37,29,8,0.784,11.14,12,6,2948,2629,1018,2225,0.458,382,906,0.422,530,734,0.722,407,1418,537,247,188,484,630
233,Old Dominion,38,25,13,0.658,-2.31,12,6,2604,2339,987,2227,0.443,159,528,0.301,471,691,0.682,501,1474,505,221,150,346,687
234,Oral Roberts,31,14,17,0.452,0.59,6,10,2356,2384,832,1821,0.457,194,514,0.377,498,665,0.749,299,1101,384,162,133,373,563
235,Oregon State NCAA,32,19,13,0.594,9.26,9,9,2301,2244,811,1843,0.44,218,587,0.371,461,687,0.671,337,1102,432,236,106,361,642
236,Oregon NCAA,38,31,7,0.816,8.64,14,4,2990,2614,1041,2230,0.467,260,758,0.343,648,906,0.715,442,1382,517,275,221,431,675
237,Pacific,28,8,20,0.286,2.35,6,12,1948,2009,685,1559,0.439,190,576,0.33,388,575,0.675,282,993,362,125,71,383,637
238,Penn State,32,16,16,0.5,6.95,7,11,2107,2228,732,1799,0.407,211,665,0.317,432,621,0.696,333,1109,322,166,141,361,644
239,Pennsylvania,28,11,17,0.393,-2.15,5,9,1911,2013,685,1606,0.427,200,657,0.304,341,508,0.671,288,1001,381,146,75,373,513
240,Pepperdine,32,18,14,0.563,1.68,10,8,2349,2287,840,1861,0.451,162,469,0.345,507,754,0.672,351,1182,457,187,93,357,595
241,Pittsburgh NCAA,33,21,12,0.636,8.75,9,9,2476,2220,878,1919,0.458,204,589,0.346,516,686,0.752,417,1257,547,162,121,384,581
242,Portland State,31,13,18,0.419,-5.94,8,10,2408,2409,908,1904,0.477,167,519,0.322,425,645,0.659,329,1096,527,263,112,390,589
243,Portland,32,12,20,0.375,0.56,6,12,2483,2552,868,2012,0.431,289,787,0.367,458,633,0.724,369,1130,425,208,128,389,697
244,Prairie View,31,7,24,0.226,-6.82,7,11,1873,2202,657,1727,0.38,127,467,0.272,432,630,0.686,355,998,269,239,84,465,691
245,Presbyterian,31,11,20,0.355,-4.98,5,13,2093,2259,754,1743,0.433,148,502,0.295,437,615,0.711,298,1047,350,206,60,441,595
246,Princeton,29,22,7,0.759,-1.72,12,2,2294,1989,800,1725,0.464,282,736,0.383,412,579,0.712,288,1069,431,206,104,330,503
247,Providence NCAA,35,24,11,0.686,8.46,10,8,2577,2455,881,2093,0.421,249,776,0.321,566,781,0.725,402,1263,550,229,123,397,591
248,Purdue NCAA,35,26,9,0.743,7.46,12,6,2726,2281,960,2042,0.47,268,731,0.367,538,723,0.744,400,1443,615,147,165,419,607
249,Quinnipiac,30,9,21,0.3,-4.98,6,14,1969,2131,698,1897,0.368,229,671,0.341,344,532,0.647,495,1299,377,146,141,459,611
250,Radford,31,16,15,0.516,-3.45,9,9,2266,2248,844,1885,0.448,226,658,0.343,352,541,0.651,408,1174,410,183,138,416,580
251,Rhode Island,32,17,15,0.531,3.29,9,9,2220,2072,782,1762,0.444,213,584,0.365,443,662,0.669,335,1118,391,170,159,368,606
252,Rice,32,12,20,0.375,-2.7,7,11,2427,2576,813,1798,0.452,228,716,0.318,573,773,0.741,294,1052,419,205,89,419,562
253,Richmond,32,16,16,0.5,4.56,7,11,2450,2363,890,1848,0.482,240,674,0.356,430,652,0.66,251,1021,531,210,74,327,610
254,Rider,33,13,20,0.394,-3.6,8,12,2177,2223,769,1803,0.427,204,647,0.315,435,638,0.682,330,1170,416,189,124,421,587
255,Robert Morris,32,10,22,0.313,-7.75,8,10,2082,2267,741,1780,0.416,178,645,0.276,422,633,0.667,303,1042,400,265,127,454,552
256,Rutgers,32,7,25,0.219,6.43,1,17,2166,2571,785,1878,0.418,161,503,0.32,435,640,0.68,314,1113,377,195,113,443,562
257,Sacramento State,31,14,17,0.452,-5.32,6,12,2210,2237,790,1784,0.443,209,618,0.338,421,627,0.671,302,1112,434,175,130,367,631
258,Sacred Heart,30,12,18,0.4,-9.05,11,7,2217,2336,785,1795,0.437,169,544,0.311,478,695,0.688,378,1128,363,190,77,442,625
259,Saint Francis (PA),30,13,17,0.433,-9.06,9,9,2110,2181,716,1700,0.421,218,607,0.359,460,662,0.695,349,1093,356,140,95,379,515
260,Saint Joseph's NCAA,36,28,8,0.778,4.93,13,5,2780,2522,976,2153,0.453,251,767,0.327,577,806,0.716,359,1378,534,184,119,355,583
261,Saint Louis,32,11,21,0.344,3.49,5,13,2106,2305,724,1726,0.419,199,607,0.328,459,653,0.703,230,1045,426,175,66,436,646
262,Saint Mary's (CA),35,29,6,0.829,1.24,15,3,2576,2132,951,1887,0.504,303,747,0.406,371,539,0.688,310,1225,583,169,119,335,539
263,Saint Peter's,30,14,16,0.467,-4.3,12,8,1966,1987,700,1660,0.422,183,560,0.327,383,582,0.658,322,1102,357,164,96,392,528
264,Sam Houston State,34,18,16,0.529,-6.5,12,6,2551,2427,876,2013,0.435,264,775,0.341,535,767,0.698,380,1261,575,188,57,400,742
265,Samford,33,14,19,0.424,-4.49,4,14,2440,2442,845,1857,0.455,177,548,0.323,573,798,0.718,345,1143,435,226,113,455,691
266,San Diego State,38,28,10,0.737,4.33,16,2,2605,2303,885,2100,0.421,222,687,0.323,613,892,0.687,453,1475,405,210,207,467,648
267,San Diego,30,9,21,0.3,1.42,4,14,1822,2074,630,1614,0.39,192,673,0.285,370,559,0.662,289,995,328,139,118,410,640
268,San Francisco,30,15,15,0.5,-0.68,8,10,2329,2362,808,1839,0.439,233,659,0.354,480,708,0.678,389,1181,371,162,88,379,619
269,San Jose State,31,9,22,0.29,1.35,4,14,2186,2290,756,1783,0.424,212,690,0.307,462,701,0.659,327,1130,449,186,120,430,687
270,Santa Clara,31,11,20,0.355,1.86,7,11,2083,2272,713,1741,0.41,232,675,0.344,425,592,0.718,279,1047,383,134,83,350,613
271,Savannah State,32,16,16,0.5,-8.59,9,7,1992,2167,667,1685,0.396,204,647,0.315,452,686,0.659,297,1022,330,201,84,473,632
272,Seattle,32,15,17,0.469,-5.02,7,7,2074,2140,735,1732,0.424,197,550,0.358,407,612,0.665,365,1174,415,193,51,505,584
273,Seton Hall NCAA,34,25,9,0.735,8.28,12,6,2522,2305,892,1999,0.446,206,594,0.347,532,808,0.658,438,1355,455,251,155,469,636
274,Siena,34,21,13,0.618,-3.19,13,7,2659,2492,929,1992,0.466,215,585,0.368,586,812,0.722,455,1362,492,210,155,546,714
275,South Alabama,33,14,19,0.424,-2.02,8,12,2284,2426,784,1917,0.409,213,660,0.323,503,747,0.673,390,1228,350,221,132,483,664
276,South Carolina State,34,19,15,0.559,-8.24,12,4,2485,2485,885,1955,0.453,201,589,0.341,514,716,0.718,342,1145,432,156,94,400,656
277,South Carolina Upstate,32,10,22,0.313,-4.39,4,10,2315,2495,860,1914,0.449,218,640,0.341,377,590,0.639,413,1228,484,175,106,449,623
278,South Carolina,34,25,9,0.735,5.83,11,7,2583,2357,882,2040,0.432,216,614,0.352,603,883,0.683,472,1372,461,230,151,464,672
279,South Dakota State NCAA,34,26,8,0.765,-1.22,12,4,2591,2316,877,1950,0.45,255,715,0.357,582,783,0.743,381,1279,381,169,84,399,670
280,South Dakota,32,14,18,0.438,-0.88,5,11,2443,2537,912,1954,0.467,201,565,0.356,418,596,0.701,289,1077,492,209,113,388,662
281,South Florida,33,8,25,0.242,5.24,4,14,2085,2352,774,1852,0.418,133,465,0.286,404,612,0.66,413,1271,331,150,176,485,588
282,Southeast Missouri State,29,5,24,0.172,-3.43,2,14,1944,2252,699,1710,0.409,154,513,0.3,392,612,0.641,326,1022,358,218,46,402,514
283,Southeastern Louisiana,33,12,21,0.364,-7.55,9,9,2344,2489,831,1833,0.453,241,648,0.372,441,694,0.635,336,1140,472,211,89,504,688
284,Southern California NCAA,34,21,13,0.618,7.64,9,9,2737,2537,982,2138,0.459,266,688,0.387,507,750,0.676,401,1337,504,215,181,415,590
285,SIU Edwardsville,28,6,22,0.214,-2.6,3,13,1839,2068,634,1591,0.398,158,519,0.304,413,587,0.704,339,1001,303,138,112,377,619
286,Southern Illinois,32,22,10,0.688,-1.3,11,7,2360,2229,828,1827,0.453,212,618,0.343,492,718,0.685,357,1135,371,232,63,438,685
287,Southern Methodist,30,25,5,0.833,4.56,13,5,2319,1903,858,1727,0.497,194,462,0.42,409,584,0.7,396,1183,528,182,137,372,472
288,Southern Mississippi,29,8,21,0.276,-3.66,5,13,1866,2045,612,1496,0.409,257,721,0.356,385,540,0.713,228,920,353,156,63,388,543
289,Southern Utah,30,6,24,0.2,-4.22,3,15,2119,2429,739,1682,0.439,210,577,0.364,431,607,0.71,238,926,356,170,86,381,621
290,Southern NCAA,35,22,13,0.629,-9.37,11,7,2534,2406,909,2046,0.444,211,610,0.346,505,754,0.67,365,1258,381,258,123,391,680
291,St. Bonaventure,31,22,9,0.71,1.87,14,4,2409,2264,812,1826,0.445,256,687,0.373,529,684,0.773,345,1102,418,184,132,357,602
292,St. Francis (NY),32,15,17,0.469,-9.24,11,7,2095,2131,710,1787,0.397,240,776,0.309,435,652,0.667,390,1185,370,191,161,442,600
293,St. John's (NY),32,8,24,0.25,7.94,1,17,2174,2472,757,1864,0.406,206,633,0.325,454,714,0.636,346,1142,413,202,175,491,680
294,Stanford,30,15,15,0.5,10.41,8,10,2088,2111,704,1653,0.426,172,538,0.32,508,742,0.685,328,1030,350,203,94,355,600
295,Stephen F. Austin NCAA,34,28,6,0.824,-5.47,18,0,2728,2153,972,2032,0.478,269,741,0.363,515,701,0.735,405,1188,635,310,122,411,700
296,Stetson,34,12,22,0.353,-4.35,4,10,2729,2807,962,2124,0.453,282,773,0.365,523,725,0.721,328,1213,519,215,83,418,614
297,Stony Brook NCAA,33,26,7,0.788,-5.28,14,2,2515,2115,933,1992,0.468,220,598,0.368,429,637,0.673,425,1312,541,204,150,379,523
298,Syracuse NCAA,37,23,14,0.622,9.75,9,9,2589,2409,884,2080,0.425,315,876,0.36,506,736,0.688,445,1319,493,300,162,440,598
299,Temple NCAA,33,21,12,0.636,6.57,14,4,2267,2230,822,2021,0.407,255,757,0.337,368,538,0.684,371,1225,445,173,103,305,535
300,Tennessee-Martin,35,20,15,0.571,-4.72,10,6,2554,2494,888,2000,0.444,274,789,0.347,504,711,0.709,371,1279,425,203,70,426,609
301,Tennessee State,31,20,11,0.645,-5.3,11,5,2273,2134,795,1760,0.452,173,517,0.335,510,734,0.695,353,1149,328,250,113,426,639
302,Tennessee Tech,31,19,12,0.613,-3.66,11,5,2416,2340,792,1730,0.458,266,731,0.364,566,762,0.743,291,1102,442,159,119,383,600
303,Tennessee,34,15,19,0.441,7.86,6,12,2554,2556,890,2116,0.421,251,767,0.327,523,721,0.725,428,1292,459,180,156,380,662
304,Texas A&M-Corpus Christi,33,25,8,0.758,-5.44,15,3,2428,2308,838,1918,0.437,215,631,0.341,537,728,0.738,373,1159,421,306,149,419,700
305,Texas A&M NCAA,37,28,9,0.757,8.45,13,5,2828,2458,991,2208,0.449,281,824,0.341,565,841,0.672,460,1461,612,260,133,434,668
306,Texas-Arlington,35,24,11,0.686,-3.42,13,7,2762,2417,956,2249,0.425,307,942,0.326,543,780,0.696,520,1530,590,261,99,482,730
307,Texas Christian,33,12,21,0.364,8.62,2,16,2209,2359,734,1810,0.406,187,558,0.335,554,826,0.671,355,1111,382,213,126,478,675
308,Texas-El Paso,33,19,14,0.576,-4.93,10,8,2554,2471,896,1926,0.465,223,618,0.361,539,809,0.666,299,1197,512,197,116,417,672
309,Texas-Rio Grande Valley,30,8,22,0.267,-4.25,4,10,1993,2330,716,1712,0.418,212,633,0.335,349,520,0.671,258,1004,459,143,91,374,536
310,Texas-San Antonio,32,5,27,0.156,-3.36,3,15,2317,2698,796,1915,0.416,220,691,0.318,505,719,0.702,327,1086,366,206,80,435,701
311,Texas Southern,33,18,15,0.545,-6.94,16,2,2403,2327,848,1853,0.458,222,657,0.338,485,769,0.631,408,1249,469,146,101,434,505
312,Texas State,31,15,16,0.484,-4.29,8,12,2046,1993,727,1692,0.43,149,459,0.325,443,658,0.673,336,1063,366,189,96,370,576
313,Texas Tech NCAA,32,19,13,0.594,10.25,9,9,2305,2236,785,1754,0.448,185,534,0.346,550,741,0.742,326,1086,418,190,134,385,589
314,Texas NCAA,33,20,13,0.606,11.71,11,7,2355,2253,814,1884,0.432,232,681,0.341,495,743,0.666,363,1139,377,167,144,341,688
315,Toledo,32,17,15,0.531,-2.36,8,10,2482,2286,865,1881,0.46,263,722,0.364,489,655,0.747,306,1161,523,167,63,373,552
316,Towson,33,20,13,0.606,-1.57,11,7,2358,2227,805,1888,0.426,182,574,0.317,566,840,0.674,472,1295,371,203,155,401,677
317,Troy,31,9,22,0.29,-2.07,4,16,2145,2329,740,1817,0.407,208,675,0.308,457,713,0.641,349,1132,349,185,88,376,582
318,Tulane,34,12,22,0.353,3.79,3,15,2240,2398,802,2021,0.397,216,719,0.3,420,621,0.676,415,1268,372,218,131,451,649
319,Tulsa NCAA,32,20,12,0.625,5.76,12,6,2356,2227,821,1849,0.444,219,671,0.326,495,731,0.677,323,1123,435,216,88,346,563
320,UCLA,32,15,17,0.469,9.69,6,12,2480,2455,915,2016,0.454,200,551,0.363,450,651,0.691,393,1266,502,175,110,392,595
321,Utah State,31,16,15,0.516,2.06,7,11,2274,2217,802,1779,0.451,257,695,0.37,413,597,0.692,319,1108,454,171,81,373,546
322,Utah Valley,30,12,18,0.4,-3.58,6,8,2280,2360,785,1833,0.428,256,729,0.351,454,628,0.723,276,1100,435,176,95,399,627
323,Utah NCAA,36,27,9,0.75,8.79,13,5,2778,2502,977,2000,0.489,273,746,0.366,551,764,0.721,347,1335,557,199,149,451,549
324,Valparaiso,37,30,7,0.811,0.02,16,2,2782,2323,964,2178,0.443,298,829,0.359,556,769,0.723,468,1533,526,246,175,479,731
325,Vanderbilt NCAA,33,19,14,0.576,8.68,11,7,2506,2225,857,1879,0.456,273,714,0.382,519,747,0.695,313,1273,487,139,182,386,632
326,Vermont,37,23,14,0.622,-4.73,11,5,2774,2611,986,2051,0.481,255,666,0.383,547,772,0.709,343,1321,495,212,161,490,719
327,Villanova NCAA,40,35,5,0.875,9.71,16,2,3118,2543,1086,2247,0.483,347,959,0.362,599,766,0.782,351,1385,637,282,136,440,681
328,Virginia Commonwealth NCAA,36,25,11,0.694,4.35,14,4,2781,2440,1010,2238,0.451,262,745,0.352,499,721,0.692,435,1347,515,309,135,405,706
329,VMI,30,9,21,0.3,-3.15,4,14,2081,2264,729,1770,0.412,263,783,0.336,360,498,0.723,290,996,330,184,126,397,586
330,Virginia Tech,35,20,15,0.571,7.53,10,8,2624,2540,876,1953,0.449,200,575,0.348,672,964,0.697,371,1230,426,188,125,447,673
331,Virginia NCAA,37,29,8,0.784,11.12,13,5,2626,2222,964,1964,0.491,224,557,0.402,474,630,0.752,323,1189,551,199,119,345,596
332,Wagner,34,23,11,0.676,-9.52,13,5,2389,2209,856,2019,0.424,203,617,0.329,474,665,0.713,474,1348,451,237,136,454,743
333,Wake Forest,31,11,20,0.355,10.53,2,16,2295,2450,793,1804,0.44,195,618,0.316,514,779,0.66,377,1186,434,184,138,451,649
334,Washington State,31,9,22,0.29,7.97,1,17,2187,2394,805,1760,0.457,184,530,0.347,393,551,0.713,247,1048,419,155,134,440,615
335,Washington,34,19,15,0.559,8.12,9,9,2853,2748,964,2264,0.426,249,752,0.331,676,932,0.725,473,1360,488,258,222,470,813
336,Weber State NCAA,35,26,9,0.743,-5.13,15,3,2662,2344,908,1885,0.482,291,785,0.371,555,821,0.676,300,1296,477,175,119,462,611
337,West Virginia NCAA,35,26,9,0.743,9.78,13,5,2749,2335,943,2102,0.449,209,643,0.325,654,972,0.673,558,1380,510,343,93,498,819
338,Western Carolina,34,16,18,0.471,-1.53,10,8,2479,2490,851,1993,0.427,242,730,0.332,535,760,0.704,404,1241,427,275,110,485,705
339,Western Illinois,27,10,17,0.37,-1.32,3,13,1904,1914,676,1521,0.444,190,490,0.388,362,502,0.721,233,948,361,163,89,332,555
340,Western Kentucky,34,18,16,0.529,-0.89,8,10,2620,2586,925,1970,0.47,233,643,0.362,537,768,0.699,405,1311,463,151,139,450,610
341,Western Michigan,32,13,19,0.406,0.06,7,11,2342,2352,786,1824,0.431,197,569,0.346,573,805,0.712,359,1190,382,183,80,401,633
342,Wichita State NCAA,35,26,9,0.743,4.24,16,2,2535,2066,867,2023,0.429,250,771,0.324,551,768,0.717,407,1305,489,255,125,346,705
343,William & Mary,31,20,11,0.645,1.3,11,7,2384,2205,843,1755,0.48,241,652,0.37,457,636,0.719,258,1141,501,170,132,331,512
344,Winthrop,32,23,9,0.719,-5.7,13,5,2631,2429,890,1869,0.476,285,768,0.371,566,756,0.749,291,1160,378,174,175,403,602
345,Wisconsin NCAA,35,22,13,0.629,9.4,12,6,2373,2233,816,1917,0.426,229,656,0.349,512,728,0.703,398,1228,400,205,114,386,588
346,Wofford,32,15,17,0.469,-2.35,11,7,2296,2295,771,1725,0.447,270,662,0.408,484,645,0.75,274,1013,470,163,56,379,608
347,Wright State,35,22,13,0.629,-1.76,13,5,2399,2303,856,1916,0.447,256,687,0.373,431,621,0.694,232,1094,478,193,75,397,770
348,Wyoming,32,14,18,0.438,2.19,7,11,2294,2302,720,1626,0.443,319,857,0.372,535,747,0.716,181,989,392,132,84,358,594
349,Xavier NCAA,34,28,6,0.824,8.43,14,4,2737,2392,928,2054,0.452,255,702,0.363,626,857,0.73,436,1387,548,246,101,429,678
350,Yale NCAA,30,23,7,0.767,-1.03,13,1,2248,1914,795,1693,0.47,190,523,0.363,468,699,0.67,407,1208,452,170,137,398,530
351,Youngstown State,32,11,21,0.344,-0.86,6,12,2437,2682,870,2021,0.43,257,704,0.365,440,619,0.711,283,1081,467,219,80,387,571